geoid,name,B25024001,"B25024001, Error",B25024002,"B25024002, Error",B25024003,"B25024003, Error",B25024004,"B25024004, Error",B25024005,"B25024005, Error",B25024006,"B25024006, Error",B25024007,"B25024007, Error",B25024008,"B25024008, Error",B25024009,"B25024009, Error",B25024010,"B25024010, Error",B25024011,"B25024011, Error"
04000US21,Kentucky,2010655,372,1359729,5969,55824,1413,55543,1916,86599,2717,93781,2652,68521,2068,32100,1366,38578,1699,217876,3595,2104,345
05000US21001,"Adair County, KY",8632,24,6364,270,125,84,100,65,133,84,208,123,95,121,72,74,0,20,1520,240,15,15
05000US21003,"Allen County, KY",9261,21,6812,306,96,68,56,53,107,99,210,149,168,140,32,34,0,24,1746,246,34,43
05000US21005,"Anderson County, KY",10196,30,8332,308,166,106,603,226,359,183,51,58,17,28,13,19,22,27,633,173,0,24
05000US21007,"Ballard County, KY",3707,19,2669,163,13,12,94,45,148,85,76,39,15,12,3,4,0,18,689,169,0,18
05000US21009,"Barren County, KY",20107,41,13879,506,331,140,1053,320,1377,300,441,154,226,129,63,64,149,97,2572,402,16,19
05000US21011,"Bath County, KY",5479,17,3422,245,6,8,30,29,57,63,112,58,50,32,63,39,12,19,1715,256,12,17
05000US21013,"Bell County, KY",11608,28,7261,446,24,42,167,94,572,182,483,189,103,101,83,55,225,86,2690,377,0,24
05000US21015,"Boone County, KY",52476,82,36308,691,2960,430,505,223,1165,329,3287,585,4538,569,642,225,1086,281,1972,362,13,20
05000US21017,"Bourbon County, KY",9148,27,6735,339,294,104,541,237,532,197,366,143,44,39,0,24,65,73,540,125,31,40
05000US21019,"Boyd County, KY",21731,56,16360,506,327,165,483,161,490,171,872,225,425,128,284,115,341,82,2116,359,33,43
05000US21021,"Boyle County, KY",12969,57,9820,354,248,102,875,264,568,177,546,195,140,86,17,18,115,66,640,175,0,27
05000US21023,"Bracken County, KY",3847,34,2392,157,66,64,44,30,59,37,74,47,46,33,43,27,3,5,1120,166,0,18
05000US21025,"Breathitt County, KY",6559,28,3305,223,60,35,71,43,172,80,142,58,57,38,18,20,0,20,2693,232,41,36
05000US21027,"Breckinridge County, KY",10760,29,7296,379,56,69,59,29,30,22,123,68,106,48,47,22,15,21,3028,386,0,24
05000US21029,"Bullitt County, KY",33222,89,26475,572,1090,246,249,123,1411,278,977,231,392,134,184,124,128,64,2289,340,27,38
05000US21031,"Butler County, KY",5453,19,3545,222,19,14,136,49,44,26,120,72,133,63,1,4,0,20,1448,196,7,11
05000US21033,"Caldwell County, KY",6085,21,4912,231,25,46,254,132,112,90,48,61,32,38,45,40,12,20,645,162,0,20
05000US21035,"Calloway County, KY",18034,41,11543,496,167,109,1043,264,1025,252,1100,243,427,206,130,91,54,40,2478,368,67,77
05000US21037,"Campbell County, KY",41784,79,26667,571,1562,229,1793,320,1538,299,3045,526,3573,434,1237,260,1504,310,865,239,0,30
05000US21039,"Carlisle County, KY",2315,30,1755,114,0,13,20,23,47,30,54,30,2,3,14,16,0,13,411,93,12,15
05000US21041,"Carroll County, KY",4682,16,2932,255,158,110,176,105,69,54,326,133,15,21,0,20,47,63,959,204,0,20
05000US21043,"Carter County, KY",12283,25,8303,450,102,80,179,90,118,79,112,84,103,99,103,73,32,26,3223,440,8,14
05000US21045,"Casey County, KY",7401,24,5371,282,35,28,64,47,65,45,94,69,30,35,5,10,0,20,1737,268,0,20
05000US21047,"Christian County, KY",29307,73,19313,567,1317,218,1407,264,2147,463,1341,383,495,172,575,211,214,106,2459,305,39,38
05000US21049,"Clark County, KY",16279,55,11516,457,958,233,882,242,494,185,731,224,263,186,201,83,62,49,1129,204,43,51
05000US21051,"Clay County, KY",8642,31,5448,371,32,46,118,59,120,59,201,106,31,36,33,36,42,38,2575,366,42,42
05000US21053,"Clinton County, KY",4864,16,3413,216,16,15,46,31,30,29,53,44,23,35,56,35,34,41,1187,200,6,11
05000US21055,"Crittenden County, KY",4351,35,3540,160,22,29,66,57,59,53,29,24,0,18,0,18,0,18,635,151,0,18
05000US21057,"Cumberland County, KY",3399,14,2343,191,48,36,97,50,58,37,22,25,12,16,26,24,0,18,793,188,0,18
05000US21059,"Daviess County, KY",44199,51,32497,797,662,177,1452,308,2406,357,1737,349,1157,296,697,281,953,244,2625,383,13,25
05000US21061,"Edmonson County, KY",6418,40,3890,317,23,30,19,23,17,16,50,38,51,33,9,8,2,3,2357,301,0,20
05000US21063,"Elliott County, KY",3065,33,1906,187,17,22,6,9,66,59,30,22,23,19,23,21,0,18,994,189,0,18
05000US21065,"Estill County, KY",6847,24,4481,289,94,65,250,136,142,70,215,100,225,124,13,18,6,11,1344,220,77,70
05000US21067,"Fayette County, KY",147720,118,86227,1262,9916,822,4606,564,6729,685,10453,914,13440,980,6796,798,8049,854,1463,302,41,54
05000US21069,"Fleming County, KY",6776,20,4187,298,22,25,87,61,85,78,131,78,22,24,0,20,0,20,2242,279,0,20
05000US21071,"Floyd County, KY",17475,61,10745,574,41,38,461,164,379,129,298,142,295,212,25,20,129,81,5052,567,50,53
05000US21073,"Franklin County, KY",24082,45,15860,507,682,219,1033,268,1655,343,1449,383,1187,266,573,184,322,144,1152,265,169,219
05000US21075,"Fulton County, KY",3174,22,2508,133,25,25,156,75,165,70,112,59,66,60,14,15,0,18,128,61,0,18
05000US21077,"Gallatin County, KY",3763,30,2267,182,16,17,19,19,31,23,253,104,81,47,43,27,20,19,1025,165,8,14
05000US21079,"Garrard County, KY",7272,25,5961,230,69,50,168,80,150,84,76,53,19,25,0,20,0,20,829,188,0,20
05000US21081,"Grant County, KY",10182,49,6459,429,212,140,311,173,330,155,441,152,150,76,85,82,33,36,2161,389,0,24
05000US21083,"Graves County, KY",16437,55,13219,318,109,74,345,135,410,165,117,75,155,108,115,72,79,53,1796,277,92,76
05000US21085,"Grayson County, KY",13336,28,9798,344,132,77,274,157,337,150,206,103,78,51,146,96,0,24,2329,294,36,36
05000US21087,"Green County, KY",5292,17,4070,201,39,32,40,41,25,20,100,63,54,47,20,26,0,20,944,200,0,20
05000US21089,"Greenup County, KY",16247,27,13104,357,72,50,148,78,249,92,342,146,86,51,157,94,19,22,2062,344,8,13
05000US21091,"Hancock County, KY",3911,26,2673,170,17,26,64,37,55,42,193,68,19,21,8,14,12,19,867,159,3,7
05000US21093,"Hardin County, KY",47370,90,31005,817,2268,370,1433,335,3014,452,2787,494,1719,385,306,132,690,262,4129,585,19,22
05000US21095,"Harlan County, KY",13012,32,8632,346,172,88,264,108,406,154,614,133,163,86,40,40,75,52,2629,359,17,25
05000US21097,"Harrison County, KY",8136,22,6049,313,106,74,383,167,235,125,243,132,97,74,37,47,0,20,986,193,0,20
05000US21099,"Hart County, KY",8888,36,6411,282,65,65,201,93,221,108,169,80,62,45,58,40,37,54,1630,258,34,40
05000US21101,"Henderson County, KY",20109,32,13488,425,313,142,954,228,945,226,1013,267,526,174,356,158,549,191,1965,408,0,27
05000US21103,"Henry County, KY",6678,28,5446,193,45,30,137,87,158,51,112,51,26,23,108,50,2,3,633,147,11,16
05000US21105,"Hickman County, KY",2160,14,1671,128,0,13,25,27,14,16,25,26,0,13,1,2,3,5,421,117,0,13
05000US21107,"Hopkins County, KY",20965,68,15874,433,109,71,613,181,596,207,627,184,261,161,36,42,35,42,2705,357,109,87
05000US21109,"Jackson County, KY",5999,25,4108,321,0,20,115,96,31,30,118,72,28,39,74,69,11,12,1469,284,45,40
05000US21111,"Jefferson County, KY",357923,218,229279,2331,14672,770,8257,858,27677,1869,27137,1315,19441,1015,11003,825,16106,1059,4263,624,88,63
05000US21113,"Jessamine County, KY",20936,59,15492,418,1715,329,940,237,862,250,537,167,361,138,76,56,126,95,795,170,32,26
05000US21115,"Johnson County, KY",10530,41,6271,410,68,61,52,49,351,138,408,180,253,157,110,98,163,107,2854,373,0,24
05000US21117,"Kenton County, KY",72896,61,49511,991,3105,358,3531,451,3245,397,3783,517,5103,622,1085,220,1942,298,1523,319,68,52
05000US21119,"Knott County, KY",6695,20,4223,339,44,56,45,32,22,21,61,53,101,47,12,17,4,6,2183,330,0,20
05000US21121,"Knox County, KY",13824,64,7895,538,30,32,310,136,313,141,545,314,252,151,75,53,106,59,4290,477,8,14
05000US21123,"Larue County, KY",6542,35,5458,191,13,15,112,63,11,21,117,92,41,42,0,20,0,20,790,171,0,20
05000US21125,"Laurel County, KY",26705,83,16336,556,170,91,711,323,971,258,876,274,303,141,95,77,98,74,7042,548,103,84
05000US21127,"Lawrence County, KY",7575,18,4674,318,0,20,38,39,54,37,212,110,88,58,52,36,0,20,2457,319,0,20
05000US21129,"Lee County, KY",3227,21,2288,154,0,18,30,29,42,37,113,58,16,13,29,27,14,16,685,126,10,21
05000US21131,"Leslie County, KY",4913,16,3166,365,26,42,4,7,0,20,0,20,0,20,64,62,2,6,1651,359,0,20
05000US21133,"Letcher County, KY",10594,32,6795,338,31,25,99,83,97,46,122,71,93,53,25,24,12,12,3307,359,13,22
05000US21135,"Lewis County, KY",6072,34,4079,219,12,15,112,65,36,33,207,105,79,57,4,7,0,20,1521,212,22,27
05000US21137,"Lincoln County, KY",10869,24,8006,314,89,92,131,59,199,97,180,67,15,20,5,9,0,24,2242,287,2,9
05000US21139,"Livingston County, KY",4617,19,3334,244,45,37,25,23,9,9,20,24,10,12,0,18,7,12,1167,233,0,18
05000US21141,"Logan County, KY",12459,24,9715,351,163,114,473,222,336,153,264,114,50,53,47,36,0,24,1401,243,10,15
05000US21143,"Lyon County, KY",4806,48,3500,223,30,24,44,33,203,91,126,61,52,45,25,20,2,4,824,173,0,18
05000US21145,"McCracken County, KY",32155,58,20982,634,745,189,1653,355,1907,384,1554,346,468,179,341,218,1218,339,3228,389,59,49
05000US21147,"McCreary County, KY",6919,35,4423,391,113,44,114,123,266,234,20,21,35,47,55,41,0,20,1866,332,27,27
05000US21149,"McLean County, KY",4171,17,3094,169,3,4,46,34,33,43,93,54,83,48,18,22,66,56,735,161,0,18
05000US21151,"Madison County, KY",39920,66,25133,571,903,231,2099,316,2774,442,3638,460,1654,259,504,219,268,100,2931,376,16,18
05000US21153,"Magoffin County, KY",5466,18,2745,242,23,24,94,73,55,38,56,36,47,43,11,15,3,6,2427,245,5,11
05000US21155,"Marion County, KY",8427,76,6340,268,45,45,148,85,303,157,178,105,127,108,125,97,0,20,1144,216,17,25
05000US21157,"Marshall County, KY",16461,29,12584,486,110,93,301,132,189,106,246,120,121,94,200,114,187,113,2426,394,97,75
05000US21159,"Martin County, KY",4847,34,2653,253,2,4,31,45,152,96,112,77,43,88,5,6,3,5,1846,280,0,20
05000US21161,"Mason County, KY",8186,24,5622,284,218,78,427,168,222,103,394,152,305,142,175,94,56,69,752,135,15,17
05000US21163,"Meade County, KY",12111,45,8118,319,486,90,348,117,311,110,130,71,143,69,57,41,28,25,2490,324,0,27
05000US21165,"Menifee County, KY",3387,157,2555,196,18,22,23,23,34,23,24,24,12,17,18,19,0,18,703,149,0,18
05000US21167,"Mercer County, KY",10410,25,8327,290,167,86,396,209,175,95,389,179,124,77,83,83,0,24,749,195,0,24
05000US21169,"Metcalfe County, KY",4719,20,3108,201,37,56,28,21,80,59,51,35,38,30,27,23,32,38,1309,187,9,15
05000US21171,"Monroe County, KY",5240,40,3849,200,24,22,72,67,61,44,147,74,77,52,77,54,14,15,914,181,5,9
05000US21173,"Montgomery County, KY",12204,50,7913,412,547,228,708,206,433,217,201,118,30,33,22,34,344,177,1944,266,62,57
05000US21175,"Morgan County, KY",5650,45,3453,220,14,13,2,4,35,28,71,32,55,30,20,23,0,20,1993,202,7,11
05000US21177,"Muhlenberg County, KY",13533,40,10133,374,36,30,115,85,221,117,306,128,115,81,69,82,35,42,2503,357,0,27
05000US21179,"Nelson County, KY",20062,31,16199,451,635,208,336,136,641,182,596,206,284,169,65,66,0,27,1306,266,0,27
05000US21181,"Nicholas County, KY",3333,26,2352,191,19,30,182,89,133,103,16,18,61,41,13,17,7,12,550,144,0,18
05000US21183,"Ohio County, KY",10199,36,6949,446,49,46,187,103,351,192,170,113,28,28,30,42,12,22,2398,341,25,27
05000US21185,"Oldham County, KY",23512,54,20678,281,749,149,42,48,433,141,687,217,395,128,113,69,67,57,348,127,0,30
05000US21187,"Owen County, KY",5378,24,3690,254,40,39,42,35,114,74,152,74,11,12,6,8,0,20,1313,249,10,16
05000US21189,"Owsley County, KY",2024,174,1349,172,5,9,22,25,70,57,79,57,0,13,0,13,0,13,499,152,0,13
05000US21191,"Pendleton County, KY",6285,20,4298,284,70,64,104,94,283,117,118,69,24,25,82,49,0,20,1295,243,11,15
05000US21193,"Perry County, KY",13256,24,7744,547,109,81,172,119,404,173,418,183,60,57,36,32,88,83,4225,484,0,24
05000US21195,"Pike County, KY",28955,39,15856,694,230,102,282,132,679,194,784,243,82,48,217,113,519,143,10306,628,0,30
05000US21197,"Powell County, KY",5619,23,3478,286,24,21,104,66,151,100,305,108,79,66,16,12,0,20,1431,257,31,28
05000US21199,"Pulaski County, KY",31673,36,21510,703,621,180,1089,316,1417,284,892,251,203,92,187,126,28,48,5712,556,14,18
05000US21201,"Robertson County, KY",996,88,725,96,6,9,7,10,4,7,3,5,5,8,5,9,0,13,235,66,6,8
05000US21203,"Rockcastle County, KY",7377,33,4819,316,51,41,85,58,173,93,227,93,4,5,45,33,7,9,1966,270,0,20
05000US21205,"Rowan County, KY",10577,56,6268,413,58,70,435,210,392,196,461,174,373,162,56,41,0,24,2534,397,0,24
05000US21207,"Russell County, KY",10146,23,7122,346,98,84,159,84,255,117,207,117,61,48,114,76,41,52,2086,309,3,6
05000US21209,"Scott County, KY",23335,37,17691,396,698,190,560,177,634,187,1274,227,706,180,355,158,246,128,1144,208,27,29
05000US21211,"Shelby County, KY",19216,51,15268,454,713,171,376,132,503,218,1021,265,553,221,173,113,117,77,492,156,0,27
05000US21213,"Simpson County, KY",8456,26,6681,282,57,55,363,158,154,77,397,147,118,91,43,55,0,20,643,202,0,20
05000US21215,"Spencer County, KY",7599,22,6811,168,4,6,10,12,133,63,107,49,50,28,58,33,0,20,426,160,0,20
05000US21217,"Taylor County, KY",11206,28,8720,348,80,54,547,203,190,100,199,108,131,119,60,75,0,24,1272,263,7,12
05000US21219,"Todd County, KY",5160,22,3991,224,68,48,51,37,47,33,102,49,39,46,28,43,68,72,760,184,6,10
05000US21221,"Trigg County, KY",7625,29,5648,324,24,24,207,107,134,82,113,92,59,48,62,64,38,39,1340,309,0,20
05000US21223,"Trimble County, KY",3870,15,2637,190,7,8,15,28,27,18,68,69,7,7,1,2,2,3,1092,186,14,21
05000US21225,"Union County, KY",5868,31,4531,181,32,38,127,66,125,80,103,64,27,26,23,23,15,24,885,174,0,20
05000US21227,"Warren County, KY",58563,60,36726,879,1148,255,2362,414,4135,551,4403,610,3457,567,1827,381,1188,257,3268,486,49,60
05000US21229,"Washington County, KY",5222,27,4136,186,26,33,128,65,123,71,156,105,36,52,6,10,0,20,611,148,0,20
05000US21231,"Wayne County, KY",10144,23,6823,401,106,67,268,122,158,77,239,119,9,16,0,20,50,76,2491,353,0,20
05000US21233,"Webster County, KY",5728,25,4134,195,155,92,27,34,151,88,162,98,33,34,59,50,0,20,1002,163,5,8
05000US21235,"Whitley County, KY",15558,36,9964,560,108,60,614,273,399,178,436,155,209,104,135,89,22,35,3640,466,31,33
05000US21237,"Wolfe County, KY",3043,22,1834,215,8,12,10,23,39,42,183,119,5,7,0,18,0,18,952,189,12,20
05000US21239,"Woodford County, KY",11587,43,9476,251,573,145,336,136,511,154,230,102,126,79,41,29,39,32,255,97,0,24
